{"Train Loss": 0.14881524443626404, "Validation Loss": 0.08308715373277664, "_timestamp": 1704579832.1079617, "_runtime": 6670.099802732468, "_step": 99, "_wandb": {"runtime": 6669}}