{"Train Loss": 0.4903274178504944, "Validation Loss": 0.37763330340385437, "_timestamp": 1700765643.269733, "_runtime": 1294.6819870471954, "_step": 99, "_wandb": {"runtime": 1293}}