{"Train Loss": 0.5980198979377747, "Validation Loss": 0.5979503989219666, "_timestamp": 1702226148.4886127, "_runtime": 66550.3418867588, "_step": 99, "_wandb": {"runtime": 66550}}