{"Train Loss": 0.355903685092926, "Validation Loss": 0.3685087561607361, "_timestamp": 1704337771.8834107, "_runtime": 6642.258834600449, "_step": 99, "_wandb": {"runtime": 6641}}