{"Train Loss": 1.3898913860321045, "Validation Loss": 0.3856734037399292, "_timestamp": 1700691827.313432, "_runtime": 1801.319216966629, "_step": 99, "_wandb": {"runtime": 1799}}