{"Train Loss": 0.42096954584121704, "Validation Loss": 0.6208893060684204, "_timestamp": 1700700851.629016, "_runtime": 1797.4300439357758, "_step": 99, "_wandb": {"runtime": 1796}}