{"Train Loss": 2.5774571895599365, "Validation Loss": 0.676478922367096, "_timestamp": 1700568913.6280594, "_runtime": 9386.659322500229, "_step": 99, "_wandb": {"runtime": 9386}}