{"Train Loss": 0.469337522983551, "Validation Loss": 0.3777477443218231, "_timestamp": 1700769540.868374, "_runtime": 1301.1177530288696, "_step": 99, "_wandb": {"runtime": 1299}}