{"Train Loss": 0.013851764611899853, "Validation Loss": 0.056031182408332825, "_timestamp": 1704573157.9719594, "_runtime": 6702.219051361084, "_step": 99, "_wandb": {"runtime": 6701}}