{"Train Loss": 0.5820512771606445, "Validation Loss": 0.33266010880470276, "_timestamp": 1700802423.7083256, "_runtime": 1863.122136592865, "_step": 99, "_wandb": {"runtime": 1862}}