{"Train Loss": 1.398369312286377, "Validation Loss": 0.34347206354141235, "_timestamp": 1700704466.1592536, "_runtime": 1796.0662775039673, "_step": 99, "_wandb": {"runtime": 1794}}