{"Train Loss": 1.370619535446167, "Validation Loss": 0.34500598907470703, "_timestamp": 1700659706.271259, "_runtime": 10360.610831022263, "_step": 99, "_wandb": {"runtime": 10359}}