{"Train Loss": 1.3736748695373535, "Validation Loss": 0.37737932801246643, "_timestamp": 1700695439.2243943, "_runtime": 1803.669780254364, "_step": 99, "_wandb": {"runtime": 1802}}