{"Train Loss": 0.35594162344932556, "Validation Loss": 0.40453723073005676, "_timestamp": 1702383734.6755285, "_runtime": 42268.113473415375, "_step": 99, "_wandb": {"runtime": 42267}}