{"Train Loss": 0.4713384807109833, "Validation Loss": 0.36076754331588745, "_timestamp": 1700797959.6703377, "_runtime": 1837.9633927345276, "_step": 99, "_wandb": {"runtime": 1837}}