{"Train Loss": 0.38169771432876587, "Validation Loss": 0.4888867139816284, "_timestamp": 1704410915.1057715, "_runtime": 10842.751764535904, "_step": 99, "_wandb": {"runtime": 10842}}