{"Train Loss": 0.3637673556804657, "Validation Loss": 0.3722496032714844, "_timestamp": 1704366772.453061, "_runtime": 7341.398182153702, "_step": 99, "_wandb": {"runtime": 7340}}