{"Train Loss": NaN, "Validation Loss": 0.0, "_timestamp": 1704566012.2353268, "_runtime": 199.96085786819458, "_step": 1}