{"Train Loss": 0.45159152150154114, "Validation Loss": 0.6807382702827454, "_timestamp": 1700697239.0946703, "_runtime": 1794.6322631835938, "_step": 99, "_wandb": {"runtime": 1793}}