{"Train Loss": 1.3598719835281372, "Validation Loss": 0.33944061398506165, "_timestamp": 1700675611.4338424, "_runtime": 1795.352085351944, "_step": 99, "_wandb": {"runtime": 1793}}