{"Train Loss": 0.021382387727499008, "Validation Loss": 0.03442378714680672, "_timestamp": 1704639517.574391, "_runtime": 7565.129098892212, "_step": 99, "_wandb": {"runtime": 7564}}