{"Train Loss": 10.707091331481934, "Validation Loss": 10.978201866149902, "_timestamp": 1700607796.1904967, "_runtime": 107.089186668396, "_step": 0}