{"Train Loss": 5.698725700378418, "Validation Loss": 1.7480967044830322, "_timestamp": 1700521934.90872, "_runtime": 9386.319546937943, "_step": 99, "_wandb": {"runtime": 9385}}