{"Train Loss": 0.021723931655287743, "Validation Loss": 0.1359790563583374, "_timestamp": 1704609183.893893, "_runtime": 7552.573666095734, "_step": 99, "_wandb": {"runtime": 7552}}