{"Train Loss": 1.5440586805343628, "Validation Loss": 0.3413975238800049, "_timestamp": 1700711817.182424, "_runtime": 10406.984685182571, "_step": 99, "_wandb": {"runtime": 10405}}