{"Train Loss": 0.37252023816108704, "Validation Loss": 0.47657454013824463, "_timestamp": 1704450087.0345476, "_runtime": 13024.144015550613, "_step": 99, "_wandb": {"runtime": 13023}}