{"Train Loss": 0.529289960861206, "Validation Loss": 0.5975872278213501, "_timestamp": 1704673116.5565844, "_runtime": 2802.505722284317, "_step": 7}