{"Train Loss": 0.42671361565589905, "Validation Loss": 0.46560055017471313, "_timestamp": 1700706285.102403, "_runtime": 1813.129539012909, "_step": 99, "_wandb": {"runtime": 1811}}