{"Train Loss": 0.3538977801799774, "Validation Loss": 0.3676641583442688, "_timestamp": 1704388796.4250364, "_runtime": 7343.468535423279, "_step": 99, "_wandb": {"runtime": 7343}}