{"Train Loss": 0.013457829132676125, "Validation Loss": 0.06380344182252884, "_timestamp": 1704631947.695023, "_runtime": 7565.365416049957, "_step": 99, "_wandb": {"runtime": 7564}}