{"Train Loss": 0.4010418653488159, "Validation Loss": 0.810737669467926, "_timestamp": 1700688221.3218079, "_runtime": 1800.2523348331451, "_step": 99, "_wandb": {"runtime": 1798}}