{"Train Loss": 0.44413426518440247, "Validation Loss": 0.36054936051368713, "_timestamp": 1700768235.701496, "_runtime": 1293.1132497787476, "_step": 99, "_wandb": {"runtime": 1291}}