{"Train Loss": 0.3703851103782654, "Validation Loss": 0.47378209233283997, "_timestamp": 1704424004.9698915, "_runtime": 13085.468381643295, "_step": 99, "_wandb": {"runtime": 13084}}