{"Train Loss": 0.5701467990875244, "Validation Loss": 0.4007279574871063, "_timestamp": 1700760297.8492868, "_runtime": 1396.1863777637482, "_step": 99, "_wandb": {"runtime": 1395}}