{"Train Loss": 1.3440824747085571, "Validation Loss": 0.3905632495880127, "_timestamp": 1700670167.883706, "_runtime": 10458.709436178207, "_step": 99, "_wandb": {"runtime": 10457}}