{"Train Loss": 0.8266229033470154, "Validation Loss": 0.8306105136871338, "_timestamp": 1701975530.4388032, "_runtime": 974.6393821239471, "_step": 4}