{"Train Loss": 0.3820876181125641, "Validation Loss": 0.489437460899353, "_timestamp": 1704521135.8706086, "_runtime": 11396.185096502304, "_step": 99, "_wandb": {"runtime": 11395}}