{"Train Loss": 0.016748517751693726, "Validation Loss": 0.07705193012952805, "_timestamp": 1704586505.1848943, "_runtime": 6668.021795272827, "_step": 99, "_wandb": {"runtime": 6667}}