{"Train Loss": 1.327868938446045, "Validation Loss": 0.35008126497268677, "_timestamp": 1700628899.6182168, "_runtime": 10364.102422714233, "_step": 99, "_wandb": {"runtime": 10362}}