{"Train Loss": 0.01601918414235115, "Validation Loss": 0.019723370671272278, "_timestamp": 1704601626.7392156, "_runtime": 7578.724190711975, "_step": 99, "_wandb": {"runtime": 7578}}