{"Train Loss": 0.5144675374031067, "Validation Loss": 0.6494726538658142, "_timestamp": 1701448668.6089528, "_runtime": 71841.95812177658, "_step": 99, "_wandb": {"runtime": 71841}}