{"Train Loss": 0.38003066182136536, "Validation Loss": 0.4925166070461273, "_timestamp": 1704509736.0697868, "_runtime": 11468.581921815872, "_step": 99, "_wandb": {"runtime": 11467}}