{"Train Loss": 1.3459653854370117, "Validation Loss": 0.34634196758270264, "_timestamp": 1700701405.6448905, "_runtime": 10496.446039438248, "_step": 99, "_wandb": {"runtime": 10495}}