{"Train Loss": 1.3459211587905884, "Validation Loss": 0.33462220430374146, "_timestamp": 1700618531.4714851, "_runtime": 10576.284836053848, "_step": 99, "_wandb": {"runtime": 10575}}