{"Train Loss": 0.3577769100666046, "Validation Loss": 0.4086075723171234, "_timestamp": 1702053887.378154, "_runtime": 72005.48592495918, "_step": 99, "_wandb": {"runtime": 72005}}