{"Train Loss": 0.40279799699783325, "Validation Loss": 0.3531879484653473, "_timestamp": 1700686416.5100298, "_runtime": 1795.2379958629608, "_step": 99, "_wandb": {"runtime": 1793}}