{"Train Loss": 1.3577971458435059, "Validation Loss": 0.3610401451587677, "_timestamp": 1700649342.0203576, "_runtime": 10384.143892526627, "_step": 99, "_wandb": {"runtime": 10382}}