{"Train Loss": 0.35991719365119934, "Validation Loss": 0.4174003005027771, "_timestamp": 1701783866.2861836, "_runtime": 65800.73007750511, "_step": 99, "_wandb": {"runtime": 65800}}