{"Train Loss": 2.547785758972168, "Validation Loss": 0.6562322378158569, "_timestamp": 1700596849.7958372, "_runtime": 9199.017295122147, "_step": 99, "_wandb": {"runtime": 9198}}