{"Train Loss": 0.38326093554496765, "Validation Loss": 0.4734730124473572, "_timestamp": 1704498263.267755, "_runtime": 11498.8239569664, "_step": 99, "_wandb": {"runtime": 11497}}