{"Train Loss": 0.3564285933971405, "Validation Loss": 0.3681236505508423, "_timestamp": 1704331125.120659, "_runtime": 6395.5001702308655, "_step": 99, "_wandb": {"runtime": 6395}}