{"Train Loss": 0.4490671455860138, "Validation Loss": 0.35924747586250305, "_timestamp": 1700770841.1948292, "_runtime": 1294.2975533008575, "_step": 99, "_wandb": {"runtime": 1292}}