{"Train Loss": 4.866880893707275, "Validation Loss": 5.685939311981201, "_timestamp": 1700680517.2402768, "_runtime": 10345.27560377121, "_step": 99, "_wandb": {"runtime": 10344}}