{"Train Loss": 0.36714407801628113, "Validation Loss": 0.37190014123916626, "_timestamp": 1704344666.4173994, "_runtime": 6890.638128519058, "_step": 99, "_wandb": {"runtime": 6890}}