{"Train Loss": 1.297303557395935, "Validation Loss": 0.35980334877967834, "_timestamp": 1700708144.6429434, "_runtime": 1854.7565894126892, "_step": 99, "_wandb": {"runtime": 1853}}