{"Train Loss": 0.4372876286506653, "Validation Loss": 0.3651631772518158, "_timestamp": 1700763041.5808635, "_runtime": 1343.6117193698883, "_step": 99, "_wandb": {"runtime": 1342}}