{"Train Loss": 0.3631623685359955, "Validation Loss": 0.3965144455432892, "_timestamp": 1704381447.7025137, "_runtime": 7203.866853713989, "_step": 99, "_wandb": {"runtime": 7203}}