{"Train Loss": 0.37622931599617004, "Validation Loss": 0.4724898338317871, "_timestamp": 1704437058.5398228, "_runtime": 13049.835075855255, "_step": 99, "_wandb": {"runtime": 13048}}