{"Train Loss": 0.44313347339630127, "Validation Loss": 0.37508946657180786, "_timestamp": 1700761692.7346234, "_runtime": 1388.645616531372, "_step": 99, "_wandb": {"runtime": 1387}}