{"Train Loss": 0.35131675004959106, "Validation Loss": 0.36918210983276367, "_timestamp": 1704374238.8746338, "_runtime": 7460.86719083786, "_step": 99, "_wandb": {"runtime": 7460}}