{"Train Loss": 0.8043550252914429, "Validation Loss": 0.7092065811157227, "_timestamp": 1700606099.5510793, "_runtime": 9246.261909246445, "_step": 99, "_wandb": {"runtime": 9245}}