{"Train Loss": 0.4303021728992462, "Validation Loss": 0.35645586252212524, "_timestamp": 1700766937.0350564, "_runtime": 1289.418000459671, "_step": 99, "_wandb": {"runtime": 1288}}