{"Train Loss": 0.033543918281793594, "Validation Loss": 0.03848021849989891, "_timestamp": 1704616776.4034514, "_runtime": 7588.9859273433685, "_step": 99, "_wandb": {"runtime": 7588}}