{"Train Loss": 0.5030956864356995, "Validation Loss": 0.3764215409755707, "_timestamp": 1700699048.6195781, "_runtime": 1804.2871482372284, "_step": 99, "_wandb": {"runtime": 1802}}