{"Train Loss": 1.345149040222168, "Validation Loss": 0.3557453751564026, "_timestamp": 1700690905.887137, "_runtime": 10384.58620095253, "_step": 99, "_wandb": {"runtime": 10383}}