{"Train Loss": 1.4281269311904907, "Validation Loss": 0.34188568592071533, "_timestamp": 1700702664.5313537, "_runtime": 1806.4005346298218, "_step": 99, "_wandb": {"runtime": 1805}}