{"Train Loss": 0.5981032848358154, "Validation Loss": 0.5982975959777832, "_timestamp": 1701981645.027886, "_runtime": 5941.657609939575, "_step": 36}