{"Train Loss": 2.7286925315856934, "Validation Loss": 0.664190948009491, "_timestamp": 1700559522.4244282, "_runtime": 9369.105728149414, "_step": 99, "_wandb": {"runtime": 9368}}