{"Train Loss": 0.38484659790992737, "Validation Loss": 0.3655967712402344, "_timestamp": 1700799821.5010185, "_runtime": 1857.0331914424896, "_step": 99, "_wandb": {"runtime": 1855}}