{"Train Loss": 0.3606070578098297, "Validation Loss": 0.3676885664463043, "_timestamp": 1704352068.0018396, "_runtime": 7398.265386581421, "_step": 99, "_wandb": {"runtime": 7397}}