{"Train Loss": 1.3789218664169312, "Validation Loss": 0.376394122838974, "_timestamp": 1700679212.7267904, "_runtime": 1794.8863904476166, "_step": 99, "_wandb": {"runtime": 1793}}