{"Train Loss": 0.5966319441795349, "Validation Loss": 0.3457709550857544, "_timestamp": 1700681012.253631, "_runtime": 1794.5333340168, "_step": 99, "_wandb": {"runtime": 1793}}