{"Train Loss": 0.4289242923259735, "Validation Loss": 0.33997827768325806, "_timestamp": 1700638952.7687175, "_runtime": 10049.297764539719, "_step": 99, "_wandb": {"runtime": 10048}}