{"Train Loss": 1.333174467086792, "Validation Loss": 0.33975064754486084, "_timestamp": 1700673810.0273366, "_runtime": 1791.34765958786, "_step": 99, "_wandb": {"runtime": 1790}}