{"Train Loss": 0.3780684769153595, "Validation Loss": 0.4743729829788208, "_timestamp": 1704463134.4858487, "_runtime": 13043.604492664337, "_step": 99, "_wandb": {"runtime": 13042}}