{"Train Loss": 0.5124542713165283, "Validation Loss": 0.4000072777271271, "_timestamp": 1701857984.626712, "_runtime": 70771.11672711372, "_step": 99, "_wandb": {"runtime": 70770}}