{"Train Loss": 3.1549172401428223, "Validation Loss": 0.8684484958648682, "_timestamp": 1700550148.2877963, "_runtime": 9390.308259248734, "_step": 99, "_wandb": {"runtime": 9389}}