{"Train Loss": 0.4980803430080414, "Validation Loss": 0.45791152119636536, "_timestamp": 1700772138.6962519, "_runtime": 1292.7726209163666, "_step": 99, "_wandb": {"runtime": 1291}}