{"Train Loss": 3.2295708656311035, "Validation Loss": 1.6556397676467896, "_timestamp": 1700531327.4982407, "_runtime": 9387.695601701736, "_step": 99, "_wandb": {"runtime": 9387}}