{"Train Loss": 2.9104292392730713, "Validation Loss": 1.1716474294662476, "_timestamp": 1700578240.7449503, "_runtime": 9322.128574371338, "_step": 98}