{"Train Loss": 2.906015634536743, "Validation Loss": 1.1521581411361694, "_timestamp": 1700578359.9434946, "_runtime": 9441.327118635178, "_step": 99, "_wandb": {"runtime": 9440}}