{"Train Loss": 0.43471333384513855, "Validation Loss": 0.4200543165206909, "_timestamp": 1700677412.4267857, "_runtime": 1794.3649628162384, "_step": 99, "_wandb": {"runtime": 1793}}