{"Train Loss": 2.6519885063171387, "Validation Loss": 0.6614670753479004, "_timestamp": 1700540752.3380103, "_runtime": 9420.959210395813, "_step": 99, "_wandb": {"runtime": 9419}}