{"Train Loss": 2.5704028606414795, "Validation Loss": 0.6687747240066528, "_timestamp": 1700587646.5227478, "_runtime": 9283.371699810028, "_step": 99, "_wandb": {"runtime": 9282}}