{"Train Loss": 0.6080784797668457, "Validation Loss": 0.7294588685035706, "_timestamp": 1704396138.6314952, "_runtime": 7338.187083244324, "_step": 99, "_wandb": {"runtime": 7337}}