{"Train Loss": 1.3763723373413086, "Validation Loss": 0.3479369580745697, "_timestamp": 1700693629.8700888, "_runtime": 1796.097809791565, "_step": 99, "_wandb": {"runtime": 1794}}