{"Train Loss": 0.4004570245742798, "Validation Loss": 0.3773314952850342, "_timestamp": 1700684615.7637243, "_runtime": 1796.3241002559662, "_step": 99, "_wandb": {"runtime": 1794}}