{"Train Loss": 4.856485843658447, "Validation Loss": 5.681936740875244, "_timestamp": 1700690020.7217011, "_runtime": 1794.8637442588806, "_step": 99, "_wandb": {"runtime": 1793}}