{"Train Loss": 4.849552154541016, "Validation Loss": 5.654487609863281, "_timestamp": 1700682814.7716913, "_runtime": 1797.1764464378357, "_step": 99, "_wandb": {"runtime": 1795}}