{"Train Loss": 0.44786232709884644, "Validation Loss": 0.3754791021347046, "_timestamp": 1700764342.8971288, "_runtime": 1296.4599778652191, "_step": 99, "_wandb": {"runtime": 1295}}