{"Train Loss": 0.37329885363578796, "Validation Loss": 0.4839634299278259, "_timestamp": 1704486760.367314, "_runtime": 11589.23559498787, "_step": 99, "_wandb": {"runtime": 11588}}