{"Train Loss": 0.3580297529697418, "Validation Loss": 0.3740737736225128, "_timestamp": 1704359427.3109906, "_runtime": 7354.4513285160065, "_step": 99, "_wandb": {"runtime": 7354}}