{"Train Loss": 0.01672264374792576, "Validation Loss": 0.09514634311199188, "_timestamp": 1704594043.5507455, "_runtime": 7533.191573381424, "_step": 99, "_wandb": {"runtime": 7532}}