{"Train Loss": 0.01455509290099144, "Validation Loss": 0.06683079898357391, "_timestamp": 1704624377.501776, "_runtime": 7596.541169881821, "_step": 99, "_wandb": {"runtime": 7596}}