{"Train Loss": 0.3756241202354431, "Validation Loss": 0.4745005965232849, "_timestamp": 1704475167.2940757, "_runtime": 12027.771904706955, "_step": 99, "_wandb": {"runtime": 12026}}